data/000203.jpg,109,320,207,390,switch
data/000203.jpg,214,322,264,390,switch
data/000203.jpg,264,322,311,391,switch
data/000301.jpg,120,144,281,275,switch
data/000591.jpg,168,81,182,115,switch
data/000963.jpg,161,332,171,345,switch
data/000558.jpg,148,89,203,134,switch
data/000685.jpg,142,148,197,175,switch
data/000985.jpg,88,294,183,367,switch
data/000988.jpg,43,353,73,367,switch
data/000988.jpg,49,372,76,383,switch
data/000988.jpg,45,389,84,400,switch
data/000339.jpg,35,248,60,301,switch
data/000339.jpg,58,249,81,302,switch
data/000304.jpg,45,279,82,350,switch
data/000304.jpg,74,276,103,345,switch
data/000304.jpg,94,271,126,344,switch
data/000304.jpg,130,276,160,331,switch
data/000304.jpg,152,271,184,325,switch
data/000966.jpg,144,223,210,267,switch
data/000742.jpg,134,166,144,186,switch
data/000742.jpg,148,164,158,189,switch
data/000951.jpg,39,85,61,114,switch
data/000440.jpg,111,129,210,218,switch
data/000472.jpg,96,153,158,215,switch
data/000330.jpg,245,227,258,253,switch
data/000330.jpg,255,223,271,256,switch
data/000330.jpg,271,226,288,253,switch
data/000838.jpg,96,120,109,130,switch
data/000838.jpg,113,120,125,134,switch
data/000838.jpg,95,139,107,150,switch
data/000838.jpg,112,139,124,148,switch
data/000888.jpg,160,216,176,256,switch
data/000888.jpg,176,217,193,255,switch
data/000391.jpg,161,113,182,120,switch
data/000391.jpg,161,121,183,127,switch
data/000391.jpg,161,128,182,134,switch
data/000391.jpg,160,134,182,142,switch
data/000391.jpg,205,117,217,126,switch
data/000391.jpg,199,129,208,136,switch
data/000391.jpg,210,128,221,138,switch
data/000856.jpg,98,174,148,241,switch
data/000219.jpg,66,131,145,197,switch
data/000554.jpg,133,138,256,234,switch
data/000764.jpg,139,161,152,187,switch
data/000764.jpg,155,161,167,184,switch
data/000584.jpg,91,153,150,190,switch
data/000745.jpg,100,195,226,291,switch
data/000833.jpg,139,172,211,236,switch
data/000270.jpg,193,132,219,150,switch
data/000952.jpg,66,145,104,179,switch
data/000977.jpg,110,87,144,139,switch
data/000977.jpg,151,86,184,141,switch
data/000727.jpg,175,286,195,311,switch
data/000525.jpg,93,368,166,410,switch
data/000731.jpg,136,146,191,195,switch
data/000906.jpg,7,323,41,351,switch
data/000411.jpg,62,117,79,144,switch
data/000268.jpg,52,189,112,276,switch
data/000268.jpg,102,195,178,298,switch
data/001001.jpg,90,172,137,205,switch
data/001001.jpg,142,172,187,208,switch
data/001001.jpg,95,229,126,262,switch
data/001001.jpg,126,225,156,265,switch
data/001001.jpg,162,227,185,265,switch
data/001001.jpg,221,172,300,258,switch
data/000111.jpg,150,77,179,92,switch
data/000111.jpg,147,90,178,102,switch
data/000111.jpg,148,101,177,113,switch
data/000111.jpg,146,110,176,123,switch
data/000111.jpg,198,91,213,104,switch
data/000111.jpg,193,104,204,119,switch
data/000111.jpg,203,106,217,119,switch
data/001005.jpg,139,317,154,340,switch
data/000286.jpg,70,121,90,160,switch
data/000286.jpg,89,123,108,161,switch
data/000286.jpg,110,124,127,161,switch
data/000286.jpg,138,121,165,161,switch
data/000286.jpg,166,123,189,163,switch
data/000286.jpg,200,126,225,165,switch
data/000286.jpg,226,129,253,168,switch
data/000857.jpg,190,277,216,333,switch
data/000311.jpg,192,238,202,261,switch
data/000311.jpg,201,238,208,261,switch
data/000311.jpg,208,236,217,262,switch
data/000974.jpg,120,108,147,132,switch
data/000882.jpg,116,250,168,316,switch
data/000296.jpg,77,183,258,295,switch
data/000980.jpg,63,293,93,304,switch
data/000980.jpg,63,307,103,317,switch
data/000980.jpg,64,321,94,332,switch
data/000652.jpg,166,158,186,183,switch
data/000732.jpg,160,325,179,371,switch
data/000724.jpg,144,68,205,102,switch
data/000080.jpg,185,187,208,210,switch
data/000529.jpg,118,283,198,326,switch
data/000563.jpg,67,285,103,300,switch
data/000563.jpg,66,309,108,322,switch
data/000563.jpg,73,331,107,349,switch
data/000526.jpg,121,195,169,231,switch
data/000526.jpg,58,250,109,327,switch
data/000822.jpg,128,351,169,381,switch
data/000822.jpg,131,387,182,420,switch
data/000859.jpg,120,140,135,158,switch
data/000098.jpg,160,234,188,260,switch
data/000098.jpg,178,231,217,260,switch
data/000500.jpg,117,276,135,294,switch
data/000500.jpg,195,272,212,289,switch
data/000331.jpg,96,144,112,167,switch
data/000331.jpg,113,145,128,168,switch
data/000715.jpg,127,229,199,280,switch
data/000993.jpg,185,146,210,216,switch
data/000682.jpg,140,146,195,203,switch
data/000923.jpg,60,131,133,218,switch
data/000923.jpg,124,122,182,206,switch
data/000220.jpg,40,326,53,346,switch
data/000190.jpg,140,110,155,140,switch
data/000190.jpg,153,110,169,140,switch
data/000187.jpg,90,295,196,390,switch
data/000433.jpg,102,115,134,142,switch
data/000773.jpg,126,317,148,337,switch
data/000739.jpg,169,120,253,204,switch
data/000539.jpg,169,60,309,186,switch
data/000642.jpg,199,301,229,316,switch
data/000642.jpg,236,297,259,322,switch
data/000066.jpg,87,143,117,175,switch
data/000066.jpg,115,145,146,175,switch
data/000772.jpg,115,264,135,288,switch
data/000325.jpg,139,135,187,216,switch
data/000325.jpg,192,136,241,213,switch
data/000515.jpg,90,377,121,393,switch
data/000024.jpg,41,205,202,299,switch
data/000269.jpg,107,134,193,199,switch
data/000785.jpg,181,152,197,167,switch
data/000306.jpg,112,197,174,243,switch
data/000844.jpg,63,97,106,118,switch
data/000549.jpg,156,189,196,215,switch
data/000549.jpg,156,222,208,241,switch
data/000060.jpg,235,153,261,164,switch
data/000060.jpg,234,163,262,174,switch
data/000060.jpg,234,175,261,185,switch
data/000060.jpg,232,184,265,195,switch
data/000060.jpg,287,162,299,173,switch
data/000060.jpg,279,177,290,187,switch
data/000060.jpg,293,177,305,190,switch
data/000617.jpg,209,177,223,199,switch
data/000019.jpg,221,101,230,118,switch
data/000019.jpg,229,102,237,118,switch
data/000019.jpg,237,102,245,118,switch
data/000019.jpg,250,101,260,118,switch
data/000019.jpg,259,102,267,119,switch
data/000019.jpg,266,103,277,119,switch
data/000019.jpg,282,101,290,118,switch
data/000019.jpg,291,101,301,119,switch
data/000019.jpg,300,102,310,121,switch
data/000990.jpg,193,68,210,133,switch
data/000895.jpg,28,207,132,282,switch
data/000081.jpg,127,288,173,333,switch
data/000081.jpg,175,285,223,333,switch
data/000676.jpg,139,265,169,292,switch
data/000930.jpg,112,237,127,275,switch
data/000766.jpg,199,291,242,336,switch
data/000552.jpg,146,218,165,316,switch
data/000552.jpg,175,217,191,314,switch
data/000552.jpg,196,216,226,309,switch
data/000417.jpg,120,298,137,327,switch
data/000417.jpg,137,299,156,329,switch
data/000514.jpg,142,205,154,240,switch
data/000514.jpg,162,208,177,244,switch
data/000514.jpg,194,212,216,232,switch
data/000514.jpg,217,219,245,247,switch
data/000514.jpg,187,239,196,256,switch
data/000514.jpg,201,244,217,269,switch
data/000514.jpg,226,251,236,275,switch
data/000655.jpg,40,94,168,266,switch
data/000655.jpg,173,99,282,276,switch
data/000432.jpg,46,132,78,164,switch
data/000432.jpg,75,130,103,162,switch
data/000651.jpg,50,84,188,193,switch
data/000420.jpg,71,118,235,241,switch
data/000241.jpg,17,41,33,47,switch
data/000354.jpg,224,303,249,340,switch
data/000354.jpg,251,302,272,340,switch
data/000354.jpg,170,308,216,344,switch
data/000180.jpg,146,248,226,371,switch
data/000677.jpg,164,185,189,224,switch
data/000076.jpg,89,199,259,309,switch
data/000827.jpg,55,164,117,221,switch
data/000480.jpg,75,296,97,318,switch
data/000480.jpg,104,301,132,329,switch
data/000010.jpg,165,170,202,207,switch
data/000873.jpg,174,145,186,157,switch
data/000659.jpg,140,177,151,208,switch
data/000659.jpg,156,176,167,211,switch
data/000484.jpg,146,114,164,132,switch
data/000382.jpg,89,194,100,227,switch
data/000382.jpg,101,194,111,229,switch
data/000382.jpg,110,195,122,230,switch
data/000382.jpg,122,196,134,228,switch
data/000382.jpg,147,197,159,229,switch
data/000382.jpg,159,197,170,230,switch
data/000382.jpg,170,197,181,230,switch
data/000382.jpg,182,198,193,230,switch
data/000757.jpg,138,130,169,199,switch
data/000757.jpg,169,121,204,200,switch
data/000810.jpg,201,41,302,127,switch
data/000810.jpg,207,167,311,254,switch
data/000810.jpg,67,152,145,263,switch
data/000632.jpg,144,329,178,388,switch
data/000170.jpg,22,302,71,393,switch
data/000170.jpg,63,302,113,391,switch
data/000170.jpg,109,298,153,392,switch
data/000170.jpg,179,299,308,390,switch
data/000276.jpg,84,144,126,187,switch
data/000109.jpg,66,355,100,385,switch
data/000109.jpg,99,356,134,383,switch
data/000916.jpg,150,162,157,172,switch
data/000916.jpg,159,162,166,175,switch
data/000546.jpg,131,46,171,103,switch
data/000172.jpg,106,90,179,140,switch
data/000172.jpg,106,138,180,181,switch
data/000890.jpg,124,119,140,176,switch
data/000890.jpg,140,118,155,181,switch
data/000890.jpg,159,119,182,185,switch
data/000709.jpg,145,128,159,172,switch
data/000709.jpg,163,123,177,177,switch
data/000709.jpg,183,126,200,178,switch
data/000709.jpg,138,205,198,265,switch
data/000396.jpg,193,133,217,142,switch
data/000396.jpg,193,142,216,150,switch
data/000396.jpg,192,149,217,156,switch
data/000396.jpg,192,156,215,165,switch
data/000396.jpg,239,140,250,149,switch
data/000396.jpg,232,150,243,160,switch
data/000396.jpg,246,152,255,161,switch
data/000519.jpg,185,327,199,348,switch
data/000852.jpg,100,77,219,168,switch
data/000335.jpg,193,400,219,419,switch
data/000335.jpg,221,403,244,423,switch
data/000320.jpg,140,75,213,136,switch
data/000248.jpg,162,244,178,267,switch
data/000055.jpg,81,154,233,266,switch
data/000120.jpg,132,169,145,203,switch
data/000120.jpg,145,170,159,205,switch
data/000901.jpg,144,226,178,267,switch
data/000705.jpg,57,189,181,319,switch
data/001003.jpg,99,215,184,285,switch
data/000427.jpg,196,298,213,313,switch
data/000181.jpg,151,111,166,131,switch
data/000181.jpg,164,111,177,129,switch
data/000630.jpg,109,161,169,216,switch
data/000836.jpg,100,188,144,240,switch
data/000962.jpg,102,150,164,205,switch
data/000999.jpg,62,253,137,313,switch
data/000602.jpg,108,254,142,320,switch
data/000602.jpg,150,256,178,320,switch
data/000598.jpg,108,269,250,405,switch
data/000903.jpg,242,322,262,384,switch
data/000439.jpg,102,197,157,249,switch
data/000439.jpg,158,197,213,250,switch
data/000439.jpg,101,263,138,308,switch
data/000439.jpg,137,264,172,309,switch
data/000439.jpg,173,264,208,310,switch
data/000222.jpg,113,371,133,405,switch
data/000135.jpg,87,72,122,123,switch
data/000135.jpg,123,71,158,123,switch
data/000273.jpg,36,199,57,236,switch
data/000273.jpg,58,199,80,237,switch
data/000273.jpg,80,197,101,237,switch
data/000273.jpg,107,198,139,234,switch
data/000273.jpg,140,198,172,236,switch
data/000621.jpg,228,221,248,257,switch
data/000380.jpg,53,151,152,221,switch
data/000928.jpg,169,188,194,216,switch
data/000832.jpg,152,122,181,144,switch
data/000914.jpg,125,175,160,219,switch
data/000482.jpg,218,382,260,424,switch
data/000690.jpg,140,88,158,153,switch
data/000690.jpg,163,91,183,157,switch
data/000690.jpg,186,91,210,160,switch
data/000690.jpg,217,90,241,164,switch
data/000791.jpg,119,196,175,230,switch
data/000922.jpg,147,219,252,306,switch
data/000308.jpg,115,235,155,297,switch
data/000438.jpg,144,174,198,224,switch
data/000426.jpg,39,49,87,109,switch
data/000426.jpg,86,49,130,108,switch
data/000426.jpg,147,48,232,107,switch
data/000421.jpg,65,171,79,216,switch
data/000421.jpg,79,171,92,216,switch
data/000421.jpg,92,169,105,217,switch
data/000421.jpg,105,169,119,214,switch
data/000421.jpg,118,169,134,215,switch
data/000421.jpg,134,167,150,216,switch
data/000811.jpg,129,91,169,158,switch
data/000811.jpg,178,91,217,160,switch
data/000100.jpg,159,220,179,247,switch
data/000485.jpg,31,51,65,85,switch
data/000485.jpg,71,54,105,88,switch
data/000887.jpg,83,222,232,327,switch
data/000102.jpg,110,297,191,371,switch
data/000102.jpg,198,313,298,392,switch
data/000036.jpg,44,174,68,216,switch
data/000036.jpg,45,217,69,261,switch
data/000674.jpg,43,96,164,193,switch
data/000718.jpg,144,135,161,168,switch
data/000718.jpg,169,81,191,123,switch
data/000595.jpg,98,258,218,320,switch
data/000994.jpg,119,124,152,152,switch
data/000179.jpg,219,254,242,292,switch
data/000891.jpg,153,282,184,334,switch
data/000673.jpg,165,69,195,99,switch
data/000965.jpg,117,247,189,290,switch
data/000043.jpg,115,135,166,211,switch
data/000043.jpg,166,137,215,213,switch
data/000660.jpg,156,178,223,219,switch
data/000503.jpg,184,213,218,247,switch
data/000503.jpg,230,217,239,254,switch
data/000503.jpg,247,220,254,261,switch
data/000503.jpg,261,223,279,260,switch
data/000503.jpg,50,265,65,281,switch
data/000503.jpg,72,270,86,283,switch
data/000503.jpg,95,275,114,283,switch
data/000667.jpg,110,152,205,240,switch
data/000834.jpg,57,164,77,206,switch
data/000834.jpg,81,161,98,210,switch
data/000834.jpg,157,196,167,209,switch
data/000834.jpg,171,197,185,213,switch
data/000834.jpg,190,198,200,215,switch
data/000389.jpg,243,190,253,199,switch
data/000389.jpg,255,192,264,201,switch
data/000348.jpg,96,68,136,129,switch
data/000348.jpg,136,70,176,128,switch
data/000845.jpg,148,310,188,333,switch
data/001000.jpg,137,113,157,133,switch
data/001000.jpg,122,112,135,146,switch
data/001000.jpg,134,127,150,158,switch
data/001000.jpg,156,137,162,171,switch
data/001000.jpg,101,164,131,203,switch
data/000049.jpg,171,235,310,357,switch
data/000597.jpg,205,358,259,398,switch
data/000155.jpg,124,223,144,241,switch
data/000155.jpg,145,219,171,241,switch
data/000488.jpg,54,250,74,270,switch
data/000283.jpg,253,139,271,151,switch
data/000283.jpg,270,140,288,152,switch
data/000377.jpg,91,53,150,95,switch
data/000641.jpg,166,83,180,113,switch
data/000475.jpg,148,128,159,139,switch
data/000201.jpg,97,144,227,237,switch
data/000643.jpg,103,310,128,331,switch
data/000643.jpg,132,309,155,328,switch
data/000537.jpg,140,299,167,312,switch
data/000537.jpg,139,319,175,334,switch
data/000537.jpg,184,298,204,337,switch
data/000973.jpg,179,88,196,97,switch
data/000973.jpg,175,98,195,105,switch
data/000973.jpg,169,108,190,117,switch
data/000071.jpg,77,186,241,288,switch
data/000086.jpg,78,237,158,357,switch
data/000086.jpg,155,237,235,358,switch
data/000050.jpg,90,85,99,103,switch
data/000050.jpg,99,86,112,103,switch
data/000084.jpg,81,177,103,232,switch
data/000084.jpg,103,178,117,232,switch
data/000084.jpg,117,179,133,232,switch
data/000084.jpg,134,181,145,235,switch
data/000084.jpg,145,183,163,233,switch
data/000084.jpg,161,184,175,233,switch
data/000084.jpg,176,185,189,235,switch
data/000084.jpg,189,183,200,234,switch
data/000084.jpg,201,185,212,234,switch
data/000483.jpg,20,145,78,203,switch
data/000483.jpg,141,139,212,210,switch
data/000129.jpg,186,76,218,115,switch
data/000129.jpg,220,70,259,114,switch
data/000129.jpg,195,127,223,166,switch
data/000129.jpg,228,129,263,172,switch
data/000945.jpg,124,152,140,170,switch
data/000945.jpg,145,156,157,170,switch
data/000945.jpg,161,156,166,172,switch
data/000369.jpg,82,72,93,101,switch
data/000225.jpg,28,172,181,274,switch
data/000089.jpg,116,230,134,251,switch
data/000557.jpg,141,68,249,183,switch
data/000654.jpg,197,144,207,157,switch
data/000654.jpg,210,143,217,158,switch
data/000654.jpg,221,142,228,156,switch
data/000654.jpg,228,140,236,155,switch
data/000654.jpg,235,137,243,154,switch
data/000410.jpg,95,237,112,266,switch
data/000410.jpg,111,239,126,269,switch
data/000410.jpg,151,241,165,273,switch
data/000622.jpg,83,216,185,310,switch
data/000199.jpg,205,175,286,354,switch
data/000085.jpg,145,248,160,342,switch
data/000085.jpg,163,251,181,347,switch
data/000085.jpg,182,254,200,357,switch
data/000085.jpg,207,257,229,371,switch
data/000085.jpg,229,264,256,381,switch
data/000085.jpg,258,272,287,388,switch
data/000620.jpg,150,277,207,331,switch
data/000921.jpg,133,219,188,259,switch
data/000898.jpg,131,197,233,275,switch
data/000056.jpg,61,152,122,203,switch
data/000983.jpg,149,120,232,203,switch
data/000006.jpg,76,147,187,214,switch
data/000247.jpg,96,121,230,218,switch
data/000531.jpg,131,289,149,301,switch
data/000531.jpg,180,277,194,289,switch
data/000368.jpg,11,309,30,329,switch
data/000079.jpg,115,162,150,247,switch
data/000079.jpg,150,171,176,254,switch
data/000079.jpg,177,175,218,262,switch
data/000849.jpg,60,360,87,375,switch
data/000849.jpg,60,380,90,400,switch
data/000307.jpg,80,92,128,127,switch
data/000307.jpg,169,90,187,120,switch
data/000307.jpg,188,91,208,120,switch
data/000479.jpg,105,78,125,98,switch
data/000266.jpg,259,329,284,352,switch
data/000266.jpg,256,352,287,374,switch
data/000156.jpg,97,96,123,120,switch
data/000769.jpg,156,335,167,344,switch
data/000769.jpg,176,331,189,346,switch
data/000244.jpg,177,60,206,92,switch
data/000244.jpg,204,57,235,90,switch
data/000532.jpg,165,287,212,347,switch
data/000625.jpg,92,374,109,396,switch
data/000793.jpg,34,88,105,150,switch
data/000793.jpg,116,94,186,157,switch
data/000793.jpg,40,186,87,236,switch
data/000793.jpg,91,186,133,236,switch
data/000793.jpg,138,187,187,240,switch
data/000064.jpg,14,106,225,225,switch
data/000374.jpg,216,281,242,316,switch
data/000213.jpg,140,180,154,204,switch
data/000213.jpg,154,181,169,203,switch
data/000688.jpg,141,166,281,247,switch
data/000927.jpg,117,62,157,125,switch
data/000927.jpg,159,64,192,128,switch
data/000576.jpg,223,259,253,285,switch
data/000163.jpg,31,80,91,103,switch
data/000163.jpg,33,67,92,89,switch
data/000163.jpg,33,53,93,72,switch
data/000163.jpg,35,36,89,59,switch
data/000107.jpg,271,144,293,182,switch
data/000107.jpg,293,151,322,191,switch
data/000907.jpg,60,190,115,234,switch
data/000672.jpg,116,266,137,291,switch
data/000672.jpg,182,268,214,289,switch
data/000865.jpg,98,140,179,220,switch
data/000606.jpg,187,248,212,302,switch
data/000606.jpg,217,242,236,300,switch
data/000606.jpg,237,239,264,290,switch
data/000291.jpg,49,140,164,228,switch
data/000238.jpg,38,258,82,309,switch
data/000238.jpg,80,257,122,305,switch
data/001004.jpg,31,107,71,147,switch
data/000338.jpg,228,211,253,284,switch
data/000870.jpg,1,204,36,258,switch
data/000870.jpg,49,183,90,209,switch
data/000870.jpg,88,179,129,208,switch
data/000870.jpg,52,227,79,252,switch
data/000870.jpg,79,223,100,250,switch
data/000870.jpg,102,218,126,243,switch
data/000613.jpg,82,130,154,187,switch
data/000787.jpg,128,210,157,298,switch
data/000787.jpg,163,205,189,301,switch
data/000787.jpg,194,212,215,298,switch
data/000867.jpg,41,127,137,248,switch
data/000696.jpg,56,240,80,273,switch
data/000696.jpg,87,237,106,275,switch
data/000924.jpg,39,108,82,167,switch
data/000924.jpg,83,108,126,168,switch
data/000924.jpg,191,107,237,172,switch
data/000924.jpg,241,105,278,173,switch
data/000831.jpg,110,178,224,266,switch
data/000831.jpg,15,188,46,252,switch
data/000831.jpg,52,187,81,258,switch
data/000831.jpg,1,189,14,256,switch
data/000761.jpg,44,129,155,208,switch
data/000428.jpg,126,99,183,135,switch
data/000428.jpg,131,137,183,174,switch
data/000428.jpg,128,184,176,210,switch
data/000428.jpg,127,210,179,234,switch
data/000428.jpg,125,233,180,259,switch
data/000876.jpg,161,228,172,243,switch
data/000876.jpg,171,226,184,244,switch
data/000708.jpg,80,188,261,339,switch
data/000929.jpg,48,138,155,243,switch
data/000326.jpg,163,142,221,242,switch
data/000326.jpg,221,142,269,244,switch
data/000528.jpg,73,90,152,147,switch
data/000511.jpg,122,221,149,242,switch
data/000522.jpg,178,168,219,200,switch
data/000376.jpg,143,69,204,112,switch
data/000863.jpg,113,84,128,121,switch
data/000863.jpg,129,86,142,120,switch
data/000344.jpg,88,104,110,133,switch
data/000344.jpg,110,104,131,134,switch
data/000905.jpg,214,311,232,344,switch
data/000905.jpg,239,308,251,349,switch
data/000905.jpg,258,311,267,349,switch
data/000007.jpg,109,98,128,119,switch
data/000007.jpg,126,96,150,116,switch
data/000490.jpg,157,298,185,326,switch
data/000752.jpg,90,274,189,338,switch
data/000796.jpg,64,234,91,257,switch
data/000796.jpg,83,226,112,251,switch
data/000796.jpg,120,40,152,60,switch
data/000796.jpg,159,27,186,60,switch
data/000679.jpg,124,297,158,329,switch
data/000840.jpg,67,265,180,315,switch
data/000840.jpg,67,324,190,377,switch
data/000572.jpg,120,205,170,240,switch
data/000697.jpg,156,241,205,311,switch
data/000645.jpg,108,197,123,237,switch
data/000645.jpg,127,196,142,244,switch
data/000645.jpg,145,200,167,247,switch
data/000154.jpg,103,115,211,189,switch
data/000313.jpg,177,169,222,257,switch
data/000799.jpg,185,276,204,295,switch
data/000799.jpg,210,276,244,296,switch
data/000142.jpg,28,187,62,280,switch
data/000142.jpg,61,187,91,279,switch
data/000142.jpg,92,188,119,280,switch
data/000142.jpg,119,190,151,279,switch
data/000142.jpg,148,192,178,278,switch
data/000142.jpg,176,191,203,279,switch
data/000142.jpg,208,192,244,275,switch
data/000142.jpg,246,194,281,277,switch
data/000640.jpg,143,90,188,123,switch
data/000425.jpg,136,154,193,190,switch
data/000703.jpg,145,232,189,287,switch
data/000505.jpg,99,88,187,154,switch
data/000103.jpg,168,244,186,293,switch
data/000103.jpg,184,244,202,292,switch
data/000103.jpg,202,244,219,294,switch
data/000103.jpg,220,243,235,295,switch
data/000103.jpg,234,245,252,296,switch
data/000103.jpg,252,244,271,295,switch
data/000842.jpg,118,205,254,316,switch
data/000509.jpg,198,129,219,154,switch
data/000329.jpg,159,102,189,124,switch
data/000437.jpg,141,102,181,131,switch
data/000693.jpg,143,220,160,239,switch
data/000693.jpg,135,261,160,277,switch
data/000911.jpg,139,184,168,236,switch
data/000911.jpg,170,181,201,246,switch
data/000788.jpg,122,256,142,280,switch
data/000788.jpg,208,251,228,286,switch
data/000562.jpg,154,52,186,76,switch
data/000664.jpg,104,315,132,353,switch
data/000664.jpg,132,313,169,358,switch
data/000547.jpg,143,284,197,332,switch
data/000185.jpg,35,377,60,411,switch
data/000185.jpg,59,376,84,411,switch
data/000185.jpg,85,376,108,411,switch
data/000815.jpg,137,201,203,291,switch
data/000815.jpg,194,196,247,285,switch
data/000403.jpg,71,87,107,122,switch
data/000403.jpg,70,120,108,152,switch
data/000403.jpg,155,88,190,112,switch
data/000403.jpg,154,111,189,131,switch
data/000403.jpg,154,131,189,152,switch
data/000668.jpg,172,90,189,99,switch
data/000636.jpg,156,230,169,285,switch
data/000636.jpg,171,234,189,291,switch
data/000932.jpg,73,235,124,265,switch
data/000885.jpg,135,36,161,83,switch
data/000637.jpg,155,210,206,254,switch
data/000675.jpg,114,221,179,263,switch
data/000096.jpg,18,226,34,259,switch
data/000954.jpg,163,193,183,287,switch
data/000954.jpg,191,194,208,288,switch
data/000954.jpg,213,193,234,284,switch
data/000835.jpg,113,190,207,245,switch
data/000984.jpg,104,117,112,136,switch
data/000984.jpg,112,121,123,139,switch
data/000506.jpg,132,342,176,393,switch
data/000559.jpg,233,137,242,153,switch
data/000559.jpg,246,137,254,159,switch
data/000559.jpg,263,139,270,157,switch
data/000559.jpg,273,139,282,159,switch
data/000559.jpg,283,139,292,161,switch
data/000115.jpg,200,272,213,308,switch
data/000115.jpg,214,274,222,308,switch
data/000115.jpg,222,273,230,310,switch
data/000115.jpg,229,274,238,308,switch
data/000758.jpg,142,288,152,300,switch
data/000758.jpg,184,285,194,302,switch
data/000935.jpg,81,188,188,290,switch
data/000501.jpg,130,103,160,133,switch
data/000948.jpg,104,177,161,227,switch
data/000872.jpg,56,66,76,75,switch
data/000872.jpg,56,174,75,190,switch
data/000322.jpg,84,196,150,384,switch
data/000409.jpg,174,157,241,215,switch
data/000128.jpg,64,298,102,332,switch
data/000128.jpg,98,293,125,332,switch
data/000128.jpg,124,297,157,331,switch
data/000057.jpg,123,274,162,294,switch
data/000057.jpg,123,293,167,310,switch
data/000057.jpg,123,311,163,329,switch
data/000520.jpg,172,168,223,211,switch
data/000713.jpg,52,149,193,257,switch
data/000883.jpg,138,163,153,182,switch
data/000108.jpg,146,139,178,265,switch
data/000108.jpg,175,142,213,278,switch
data/000108.jpg,213,141,256,288,switch
data/000108.jpg,256,142,311,294,switch
data/000108.jpg,38,151,56,244,switch
data/000108.jpg,52,150,75,252,switch
data/000108.jpg,70,148,94,255,switch
data/000108.jpg,92,150,128,259,switch
data/000208.jpg,112,309,182,371,switch
data/000257.jpg,2,187,102,287,switch
data/000297.jpg,119,314,131,326,switch
data/000297.jpg,135,312,148,326,switch
data/000297.jpg,147,313,163,324,switch
data/000418.jpg,148,71,173,94,switch
data/000137.jpg,197,195,208,223,switch
data/000137.jpg,209,198,220,224,switch
data/000137.jpg,220,197,233,226,switch
data/000027.jpg,107,228,179,278,switch
data/000027.jpg,106,272,178,326,switch
data/000689.jpg,122,124,232,215,switch
data/000406.jpg,187,159,228,247,switch
data/000933.jpg,88,118,105,124,switch
data/000119.jpg,278,146,287,175,switch
data/000119.jpg,288,147,300,177,switch
data/000373.jpg,128,246,169,296,switch
data/000149.jpg,37,101,69,149,switch
data/000149.jpg,67,102,100,149,switch
data/000149.jpg,115,99,135,147,switch
data/000149.jpg,136,99,158,147,switch
data/000149.jpg,156,98,178,147,switch
data/000149.jpg,192,103,205,146,switch
data/000149.jpg,206,103,220,147,switch
data/000149.jpg,222,103,233,148,switch
data/000149.jpg,234,104,249,145,switch
data/000149.jpg,264,99,289,139,switch
data/000149.jpg,290,100,315,141,switch
data/000648.jpg,149,304,168,325,switch
data/000648.jpg,169,302,195,338,switch
data/000097.jpg,202,97,234,107,switch
data/000097.jpg,205,110,235,120,switch
data/000097.jpg,203,123,238,134,switch
data/000097.jpg,205,129,239,143,switch
data/000097.jpg,251,94,270,107,switch
data/000097.jpg,247,114,262,129,switch
data/000097.jpg,262,112,278,128,switch
data/000277.jpg,179,173,210,244,switch
data/000161.jpg,111,44,182,119,switch
data/000161.jpg,184,44,253,118,switch
data/000245.jpg,167,199,224,262,switch
data/000245.jpg,231,212,265,275,switch
data/000245.jpg,266,212,302,284,switch
data/000854.jpg,122,158,168,240,switch
data/000854.jpg,170,153,209,210,switch
data/000605.jpg,183,319,210,345,switch
data/000608.jpg,30,140,76,194,switch
data/000608.jpg,77,138,124,192,switch
data/000828.jpg,62,153,98,194,switch
data/000938.jpg,44,86,88,199,switch
data/000938.jpg,91,86,129,194,switch
data/000938.jpg,133,88,168,191,switch
data/000938.jpg,168,85,202,188,switch
data/000204.jpg,95,256,234,383,switch
data/000136.jpg,96,177,105,199,switch
data/000136.jpg,105,177,114,200,switch
data/000136.jpg,114,177,126,202,switch
data/000615.jpg,119,219,162,289,switch
data/000615.jpg,171,218,215,286,switch
data/000112.jpg,129,119,153,136,switch
data/000112.jpg,126,136,154,153,switch
data/000112.jpg,127,156,152,172,switch
data/000112.jpg,123,170,155,181,switch
data/000112.jpg,129,180,152,192,switch
data/000126.jpg,94,262,114,307,switch
data/000126.jpg,113,259,135,307,switch
data/000126.jpg,133,261,150,306,switch
data/000567.jpg,89,189,98,207,switch
data/000567.jpg,101,191,112,209,switch
data/000075.jpg,181,197,199,220,switch
data/000113.jpg,173,271,198,298,switch
data/000113.jpg,198,272,222,301,switch
data/000032.jpg,56,132,179,217,switch
data/000378.jpg,29,120,52,135,switch
data/000920.jpg,145,242,158,264,switch
data/000920.jpg,165,241,180,274,switch
data/000263.jpg,138,238,180,295,switch
data/000792.jpg,72,252,269,360,switch
data/000756.jpg,83,267,209,406,switch
data/000400.jpg,92,256,196,350,switch
data/000669.jpg,108,116,139,140,switch
data/000669.jpg,190,116,221,148,switch
data/000395.jpg,238,228,245,250,switch
data/000395.jpg,245,227,253,250,switch
data/000395.jpg,253,230,261,251,switch
data/000395.jpg,261,228,268,251,switch
data/000395.jpg,268,229,275,250,switch
data/000395.jpg,275,228,284,253,switch
data/000395.jpg,283,228,295,253,switch
data/000395.jpg,295,229,308,253,switch
data/000017.jpg,84,70,267,230,switch
data/000305.jpg,228,148,253,200,switch
data/000305.jpg,253,152,283,213,switch
data/000042.jpg,134,195,209,257,switch
data/000034.jpg,93,71,166,217,switch
data/000034.jpg,160,74,221,212,switch
data/000034.jpg,214,79,266,210,switch
data/000730.jpg,137,209,157,249,switch
data/000730.jpg,162,213,188,260,switch
data/000130.jpg,63,208,129,292,switch
data/000481.jpg,141,198,176,233,switch
data/000047.jpg,202,105,234,145,switch
data/000823.jpg,135,158,230,247,switch
data/000894.jpg,158,87,189,104,switch
data/000700.jpg,152,350,210,390,switch
data/000725.jpg,62,34,116,52,switch
data/000725.jpg,65,81,122,129,switch
data/000725.jpg,69,164,121,195,switch
data/000038.jpg,12,86,109,152,switch
data/000038.jpg,125,87,147,146,switch
data/000038.jpg,145,86,165,145,switch
data/000038.jpg,165,87,183,144,switch
data/000038.jpg,182,87,202,143,switch
data/000969.jpg,150,138,175,161,switch
data/000005.jpg,152,52,187,116,switch
data/000968.jpg,160,63,175,68,switch
data/000968.jpg,161,69,176,74,switch
data/000968.jpg,157,75,174,82,switch
data/000160.jpg,155,259,179,283,switch
data/000644.jpg,112,307,125,327,switch
data/000644.jpg,154,296,166,310,switch
data/000759.jpg,133,173,196,198,switch
data/000278.jpg,127,223,140,238,switch
data/000278.jpg,141,222,153,235,switch
data/000858.jpg,146,254,169,296,switch
data/000755.jpg,122,237,204,305,switch
data/000292.jpg,130,153,139,167,switch
data/000101.jpg,81,335,121,349,switch
data/000101.jpg,80,351,124,363,switch
data/000101.jpg,83,361,125,372,switch
data/000101.jpg,79,373,123,385,switch
data/000477.jpg,86,202,156,272,switch
data/000370.jpg,175,244,301,348,switch
data/000934.jpg,135,184,169,207,switch
data/000062.jpg,68,123,89,140,switch
data/000062.jpg,239,132,262,153,switch
data/000375.jpg,131,262,198,311,switch
data/000807.jpg,22,67,87,93,switch
data/000807.jpg,155,67,229,94,switch
data/000004.jpg,124,83,213,105,switch
data/000004.jpg,129,114,226,140,switch
data/000004.jpg,133,150,236,184,switch
data/000116.jpg,40,227,57,276,switch
data/000116.jpg,57,229,79,281,switch
data/000116.jpg,93,235,114,287,switch
data/000116.jpg,112,235,140,290,switch
data/000116.jpg,156,242,211,303,switch
data/000174.jpg,94,120,226,236,switch
data/000186.jpg,139,297,149,333,switch
data/000186.jpg,148,296,158,334,switch
data/000186.jpg,158,299,169,338,switch
data/000405.jpg,1,42,98,174,switch
data/000240.jpg,231,257,262,283,switch
data/000795.jpg,117,155,187,202,switch
data/000701.jpg,98,106,201,245,switch
data/000704.jpg,83,333,109,363,switch
data/000351.jpg,96,102,107,114,switch
data/000351.jpg,136,80,147,91,switch
data/000333.jpg,72,127,147,192,switch
data/000768.jpg,189,314,199,329,switch
data/000768.jpg,205,310,222,340,switch
data/000596.jpg,168,277,214,326,switch
data/000735.jpg,200,176,221,213,switch
data/000801.jpg,91,171,158,278,switch
data/000801.jpg,165,174,233,280,switch
data/000635.jpg,71,159,150,224,switch
data/000063.jpg,171,137,223,181,switch
data/000871.jpg,110,248,151,305,switch
data/000871.jpg,151,248,193,309,switch
data/000910.jpg,125,265,147,282,switch
data/000574.jpg,115,169,128,180,switch
data/000574.jpg,130,169,143,182,switch
data/000970.jpg,55,153,116,204,switch
data/000110.jpg,124,295,166,383,switch
data/000110.jpg,166,294,205,382,switch
data/000110.jpg,203,294,247,382,switch
data/000942.jpg,50,171,159,236,switch
data/000030.jpg,171,264,235,334,switch
data/000419.jpg,95,329,251,450,switch
data/000909.jpg,126,165,238,263,switch
data/000355.jpg,129,201,202,257,switch
data/000355.jpg,214,202,294,260,switch
data/000390.jpg,212,140,237,167,switch
data/000390.jpg,236,139,260,165,switch
data/000683.jpg,38,80,166,188,switch
data/000683.jpg,225,160,244,172,switch
data/000495.jpg,154,132,168,146,switch
data/000716.jpg,92,214,192,285,switch
data/000239.jpg,122,327,172,360,switch
data/000239.jpg,227,352,257,413,switch
data/000813.jpg,95,235,162,360,switch
data/000813.jpg,165,235,235,377,switch
data/000104.jpg,54,139,104,180,switch
data/000569.jpg,128,355,171,378,switch
data/000569.jpg,133,387,179,417,switch
data/000284.jpg,87,230,229,358,switch
data/000684.jpg,155,191,189,262,switch
data/000684.jpg,192,181,228,256,switch
data/000555.jpg,21,107,111,224,switch
data/000555.jpg,107,102,181,214,switch
data/000610.jpg,83,119,137,163,switch
data/000610.jpg,146,126,212,169,switch
data/000610.jpg,89,191,136,222,switch
data/000610.jpg,156,194,201,227,switch
data/000741.jpg,125,159,150,214,switch
data/000741.jpg,152,160,176,217,switch
data/000741.jpg,248,162,268,182,switch
data/000044.jpg,95,50,222,159,switch
data/000957.jpg,59,314,85,338,switch
data/000958.jpg,93,376,119,437,switch
data/000998.jpg,175,205,212,241,switch
data/000627.jpg,140,198,208,228,switch
data/000982.jpg,125,226,147,275,switch
data/000982.jpg,153,226,168,277,switch
data/000982.jpg,177,229,200,285,switch
data/000318.jpg,43,118,258,255,switch
data/000303.jpg,69,175,198,270,switch
data/000816.jpg,117,219,162,272,switch
data/000312.jpg,22,164,30,181,switch
data/000312.jpg,31,164,36,182,switch
data/000312.jpg,36,165,43,181,switch
data/000312.jpg,46,169,51,184,switch
data/000312.jpg,52,170,58,184,switch
data/000312.jpg,58,170,65,186,switch
data/000001.jpg,240,126,282,167,switch
data/000714.jpg,79,153,102,177,switch
data/000171.jpg,142,2,165,10,switch
data/000171.jpg,142,11,166,16,switch
data/000171.jpg,141,15,166,24,switch
data/000171.jpg,142,22,166,31,switch
data/000171.jpg,184,16,193,24,switch
data/000171.jpg,195,16,205,25,switch
data/000194.jpg,106,184,182,253,switch
data/000530.jpg,119,230,137,330,switch
data/000530.jpg,147,233,170,328,switch
data/000530.jpg,172,234,196,325,switch
data/000790.jpg,164,68,185,84,switch
data/000518.jpg,101,234,141,261,switch
data/000518.jpg,98,190,108,219,switch
data/000518.jpg,112,191,122,219,switch
data/000518.jpg,124,194,137,222,switch
data/000255.jpg,35,123,229,265,switch
data/000956.jpg,70,182,105,215,switch
data/000492.jpg,131,193,208,270,switch
data/000314.jpg,95,289,156,384,switch
data/000314.jpg,153,286,212,381,switch
data/000206.jpg,108,246,125,284,switch
data/000206.jpg,127,246,145,286,switch
data/000206.jpg,148,246,163,291,switch
data/000206.jpg,164,248,184,292,switch
data/000206.jpg,196,249,218,298,switch
data/000206.jpg,219,252,241,304,switch
data/000082.jpg,204,237,247,275,switch
data/000763.jpg,138,156,233,246,switch
data/000189.jpg,74,149,128,188,switch
data/000826.jpg,65,204,92,224,switch
data/000162.jpg,81,215,130,280,switch
data/000861.jpg,227,327,244,349,switch
data/000342.jpg,48,137,79,177,switch
data/000342.jpg,78,138,108,175,switch
data/000342.jpg,117,134,177,174,switch
data/000295.jpg,124,217,193,281,switch
data/000260.jpg,221,262,262,291,switch
data/000037.jpg,134,215,306,342,switch
data/000612.jpg,7,81,138,195,switch
data/000125.jpg,78,107,150,168,switch
data/000626.jpg,215,156,245,178,switch
data/000721.jpg,28,126,116,214,switch
data/000197.jpg,131,153,147,172,switch
data/000429.jpg,64,147,153,215,switch
data/000837.jpg,94,189,160,258,switch
data/000850.jpg,87,173,214,316,switch
data/000802.jpg,84,210,185,284,switch
data/000046.jpg,61,344,174,435,switch
data/000093.jpg,189,299,227,377,switch
data/000093.jpg,224,294,250,365,switch
data/000474.jpg,59,200,78,219,switch
data/000054.jpg,180,189,198,209,switch
data/000054.jpg,206,192,229,216,switch
data/000054.jpg,184,220,201,237,switch
data/000054.jpg,212,223,233,244,switch
data/000864.jpg,46,156,281,322,switch
data/000359.jpg,167,138,208,191,switch
data/000541.jpg,46,194,82,221,switch
data/001009.jpg,134,151,148,188,switch
data/001009.jpg,151,152,169,191,switch
data/000372.jpg,120,221,189,279,switch
data/000585.jpg,24,165,41,182,switch
data/000585.jpg,49,172,66,184,switch
data/000346.jpg,166,115,197,138,switch
data/000538.jpg,77,328,93,348,switch
data/000880.jpg,193,194,223,234,switch
data/000797.jpg,125,194,185,236,switch
data/000899.jpg,120,295,176,335,switch
data/000165.jpg,165,95,179,122,switch
data/000165.jpg,181,94,194,122,switch
data/000165.jpg,196,95,211,121,switch
data/000619.jpg,135,226,172,256,switch
data/000059.jpg,136,190,196,253,switch
data/000091.jpg,57,133,150,205,switch
data/000997.jpg,150,223,170,279,switch
data/000997.jpg,172,226,189,277,switch
data/000542.jpg,150,142,173,155,switch
data/000383.jpg,148,61,207,94,switch
data/000048.jpg,135,298,209,356,switch
data/000321.jpg,105,139,189,199,switch
data/000052.jpg,127,305,206,359,switch
data/000570.jpg,121,202,158,223,switch
data/000710.jpg,173,155,205,184,switch
data/000323.jpg,18,312,91,442,switch
data/000323.jpg,85,313,156,442,switch
data/000323.jpg,180,313,241,442,switch
data/000323.jpg,243,313,306,439,switch
data/000353.jpg,81,197,117,225,switch
data/000975.jpg,191,233,202,276,switch
data/000975.jpg,203,233,221,282,switch
data/000975.jpg,219,233,236,282,switch
data/000167.jpg,228,201,241,224,switch
data/000167.jpg,241,201,249,222,switch
data/000167.jpg,249,200,260,224,switch
data/000904.jpg,240,342,255,362,switch
data/000404.jpg,101,138,224,224,switch
data/000695.jpg,156,110,161,127,switch
data/000695.jpg,165,110,168,128,switch
data/000695.jpg,173,112,177,131,switch
data/000875.jpg,143,270,249,367,switch
data/000577.jpg,120,234,168,302,switch
data/001008.jpg,96,89,104,103,switch
data/001008.jpg,106,91,115,103,switch
data/000949.jpg,68,199,98,227,switch
data/000236.jpg,189,355,226,379,switch
data/000236.jpg,191,381,227,404,switch
data/000236.jpg,245,359,280,373,switch
data/000236.jpg,243,372,278,385,switch
data/000236.jpg,244,386,280,401,switch
data/000236.jpg,242,396,279,413,switch
data/000386.jpg,165,121,182,138,switch
data/000386.jpg,181,119,202,135,switch
data/000067.jpg,171,121,211,165,switch
data/000765.jpg,249,398,299,471,switch
data/000524.jpg,137,235,222,293,switch
data/000363.jpg,89,66,250,195,switch
data/000363.jpg,95,243,237,348,switch
data/000698.jpg,154,292,179,319,switch
data/000217.jpg,289,178,323,204,switch
data/000145.jpg,218,111,229,123,switch
data/000145.jpg,228,109,240,121,switch
data/000014.jpg,106,207,123,222,switch
data/000229.jpg,215,127,245,163,switch
data/000229.jpg,248,128,279,164,switch
data/000805.jpg,132,198,156,223,switch
data/000892.jpg,210,82,220,108,switch
data/000892.jpg,226,84,238,112,switch
data/000223.jpg,195,126,238,155,switch
data/000205.jpg,134,215,146,229,switch
data/000205.jpg,146,216,160,231,switch
data/000302.jpg,178,220,194,237,switch
data/000976.jpg,95,194,104,214,switch
data/000976.jpg,107,192,119,216,switch
data/000976.jpg,117,191,126,214,switch
data/000979.jpg,102,153,163,196,switch
data/000491.jpg,31,204,45,218,switch
data/000243.jpg,150,195,182,260,switch
data/000243.jpg,182,197,204,257,switch
data/000243.jpg,211,198,223,250,switch
data/000243.jpg,221,199,233,248,switch
data/000243.jpg,231,201,243,247,switch
data/000712.jpg,173,253,201,271,switch
data/000681.jpg,63,91,161,161,switch
data/000889.jpg,92,219,135,251,switch
data/000783.jpg,90,174,139,216,switch
data/000431.jpg,140,362,196,411,switch
data/000200.jpg,133,203,158,249,switch
data/000200.jpg,155,197,183,240,switch
data/000493.jpg,174,230,228,284,switch
data/000132.jpg,100,177,245,250,switch
data/000561.jpg,86,131,156,187,switch
data/000561.jpg,180,133,201,185,switch
data/000561.jpg,203,134,222,190,switch
data/000561.jpg,228,133,250,194,switch
data/000565.jpg,166,237,215,298,switch
data/000650.jpg,128,226,189,278,switch
data/000566.jpg,120,70,163,98,switch
data/000566.jpg,177,75,223,103,switch
data/000521.jpg,256,365,289,414,switch
data/000285.jpg,62,152,143,237,switch
data/000896.jpg,135,269,217,359,switch
data/000638.jpg,88,454,151,481,switch
data/000740.jpg,106,247,142,304,switch
data/000740.jpg,147,248,178,308,switch
data/000804.jpg,156,241,168,295,switch
data/000804.jpg,170,243,182,297,switch
data/000804.jpg,180,242,199,307,switch
data/000579.jpg,95,316,137,350,switch
data/000614.jpg,53,361,93,377,switch
data/000614.jpg,61,382,97,393,switch
data/000614.jpg,58,401,103,407,switch
data/000614.jpg,59,411,111,425,switch
data/000216.jpg,109,83,200,151,switch
data/000564.jpg,175,206,191,237,switch
data/000587.jpg,89,300,127,330,switch
data/000169.jpg,222,103,230,118,switch
data/000169.jpg,229,103,238,119,switch
data/000169.jpg,237,103,245,117,switch
data/000169.jpg,251,103,258,118,switch
data/000169.jpg,258,103,267,118,switch
data/000169.jpg,267,103,276,118,switch
data/000169.jpg,283,102,290,118,switch
data/000169.jpg,292,103,300,119,switch
data/000169.jpg,301,103,309,119,switch
data/000356.jpg,101,220,137,245,switch
data/000499.jpg,146,256,179,289,switch
data/000494.jpg,128,305,145,322,switch
data/000026.jpg,40,182,150,362,switch
data/000026.jpg,151,192,257,366,switch
data/000862.jpg,247,376,282,407,switch
data/000399.jpg,167,132,198,165,switch
data/000399.jpg,196,131,227,161,switch
data/000350.jpg,98,100,173,151,switch
data/000350.jpg,170,94,242,146,switch
data/000234.jpg,65,206,89,280,switch
data/000234.jpg,84,207,108,282,switch
data/000234.jpg,98,210,128,288,switch
data/000874.jpg,197,296,220,334,switch
data/000548.jpg,45,177,91,286,switch
data/000548.jpg,97,193,134,323,switch
data/000504.jpg,265,77,288,99,switch
data/000336.jpg,99,295,163,363,switch
data/000736.jpg,158,140,199,202,switch
data/000138.jpg,78,144,127,181,switch
data/000166.jpg,88,106,203,232,switch
data/000971.jpg,95,280,188,334,switch
data/000571.jpg,93,128,136,167,switch
data/000253.jpg,134,131,156,150,switch
data/000434.jpg,40,180,96,316,switch
data/000434.jpg,80,376,254,528,switch
data/000434.jpg,120,139,201,291,switch
data/000434.jpg,80,161,129,312,switch
data/000003.jpg,208,134,225,160,switch
data/000003.jpg,225,137,246,161,switch
data/000315.jpg,162,229,193,242,switch
data/000594.jpg,64,104,88,123,switch
data/000594.jpg,80,92,111,118,switch
data/000259.jpg,155,198,228,284,switch
data/000259.jpg,219,205,293,291,switch
data/000878.jpg,168,122,192,142,switch
data/000423.jpg,191,83,202,108,switch
data/000423.jpg,180,82,192,108,switch
data/000423.jpg,171,81,179,102,switch
data/000423.jpg,163,80,171,101,switch
data/000289.jpg,123,285,171,357,switch
data/000523.jpg,168,152,184,169,switch
data/000287.jpg,98,362,129,407,switch
data/000287.jpg,127,363,160,408,switch
data/000943.jpg,169,171,305,290,switch
data/000497.jpg,81,282,179,380,switch
data/000749.jpg,41,277,164,346,switch
data/000784.jpg,119,417,174,457,switch
data/000327.jpg,114,342,144,365,switch
data/000393.jpg,237,76,253,95,switch
data/000848.jpg,136,123,187,246,switch
data/000960.jpg,129,114,144,136,switch
data/000960.jpg,148,113,155,138,switch
data/000106.jpg,49,112,173,205,switch
data/000743.jpg,286,170,294,187,switch
data/000743.jpg,297,172,306,188,switch
data/000158.jpg,147,227,204,269,switch
data/000516.jpg,134,410,162,429,switch
data/000947.jpg,55,361,82,371,switch
data/000947.jpg,58,377,83,382,switch
data/000947.jpg,58,388,81,393,switch
data/000068.jpg,174,85,203,117,switch
data/000068.jpg,203,85,233,120,switch
data/000535.jpg,72,189,149,317,switch
data/000535.jpg,160,171,222,303,switch
data/000751.jpg,133,328,169,374,switch
data/000157.jpg,24,79,285,303,switch
data/000094.jpg,33,99,50,131,switch
data/000094.jpg,49,100,66,130,switch
data/000094.jpg,67,100,81,133,switch
data/000094.jpg,94,101,112,132,switch
data/000094.jpg,112,101,126,133,switch
data/000094.jpg,126,102,143,134,switch
data/000094.jpg,156,101,173,133,switch
data/000094.jpg,173,101,189,133,switch
data/000094.jpg,190,101,206,134,switch
data/000839.jpg,198,243,226,268,switch
data/000830.jpg,156,377,200,399,switch
data/000830.jpg,159,409,198,428,switch
data/000534.jpg,84,155,222,287,switch
data/000553.jpg,71,154,123,190,switch
data/000776.jpg,174,261,190,290,switch
data/000188.jpg,124,302,170,340,switch
data/000926.jpg,184,338,200,353,switch
data/000232.jpg,227,219,245,289,switch
data/000232.jpg,249,229,272,318,switch
data/000430.jpg,162,313,190,355,switch
data/000416.jpg,160,230,185,273,switch
data/000416.jpg,186,229,206,270,switch
data/000580.jpg,75,109,234,198,switch
data/000092.jpg,31,304,87,352,switch
data/000061.jpg,135,159,240,242,switch
data/000877.jpg,117,95,144,102,switch
data/000877.jpg,118,104,141,109,switch
data/000877.jpg,117,110,144,117,switch
data/000877.jpg,119,118,147,124,switch
data/000817.jpg,5,36,224,202,switch
data/000073.jpg,46,107,149,185,switch
data/000152.jpg,148,121,206,170,switch
data/000919.jpg,201,291,210,329,switch
data/000919.jpg,214,288,221,333,switch
data/000919.jpg,227,291,233,333,switch
data/000866.jpg,136,387,149,401,switch
data/000729.jpg,189,281,227,305,switch
data/000819.jpg,191,319,192,355,switch
data/000819.jpg,200,321,203,362,switch
data/000819.jpg,211,327,214,365,switch
data/000819.jpg,225,332,227,366,switch
data/000133.jpg,111,210,194,278,switch
data/000146.jpg,52,103,106,142,switch
data/000995.jpg,169,288,207,322,switch
data/000198.jpg,75,107,80,120,switch
data/000198.jpg,80,107,84,121,switch
data/000198.jpg,84,107,88,121,switch
data/000198.jpg,88,107,93,120,switch
data/000893.jpg,103,330,116,348,switch
data/000041.jpg,220,190,260,241,switch
data/000041.jpg,261,190,305,248,switch
data/000088.jpg,145,240,262,356,switch
data/000981.jpg,135,133,168,149,switch
data/000981.jpg,139,153,171,170,switch
data/000981.jpg,201,135,227,145,switch
data/000981.jpg,200,148,228,157,switch
data/000981.jpg,199,158,227,169,switch
data/000981.jpg,254,135,282,145,switch
data/000981.jpg,255,146,281,157,switch
data/000981.jpg,254,161,280,169,switch
data/000258.jpg,148,199,153,228,switch
data/000258.jpg,153,201,159,229,switch
data/000258.jpg,161,202,165,231,switch
data/000258.jpg,166,202,171,231,switch
data/000258.jpg,172,204,179,234,switch
data/000258.jpg,179,206,186,234,switch
data/000392.jpg,128,160,140,173,switch
data/000392.jpg,140,161,151,173,switch
data/000663.jpg,99,318,256,436,switch
data/000173.jpg,138,169,163,197,switch
data/000173.jpg,163,169,186,199,switch
data/000825.jpg,109,99,120,108,switch
data/000950.jpg,180,150,192,167,switch
data/000950.jpg,198,151,213,168,switch
data/000545.jpg,95,65,196,247,switch
data/000750.jpg,114,199,216,277,switch
data/000251.jpg,187,118,204,134,switch
data/000251.jpg,204,116,219,133,switch
data/000996.jpg,149,266,170,288,switch
data/000996.jpg,177,265,195,290,switch
data/000394.jpg,117,176,127,186,switch
data/000394.jpg,128,175,139,186,switch
data/000343.jpg,79,425,177,508,switch
data/000343.jpg,176,424,271,516,switch
data/000812.jpg,124,126,219,208,switch
data/000653.jpg,112,281,128,296,switch
data/000653.jpg,146,277,165,289,switch
data/000228.jpg,84,252,188,374,switch
data/000228.jpg,187,258,291,383,switch
data/000678.jpg,157,100,222,170,switch
data/000600.jpg,141,98,162,117,switch
data/000860.jpg,72,219,153,285,switch
data/000702.jpg,128,203,182,275,switch
data/000601.jpg,134,312,158,338,switch
data/000939.jpg,224,365,248,390,switch
data/000280.jpg,96,187,135,222,switch
data/000242.jpg,105,70,152,86,switch
data/000242.jpg,109,86,155,102,switch
data/000242.jpg,109,103,156,112,switch
data/000242.jpg,113,112,158,125,switch
data/000242.jpg,200,80,219,98,switch
data/000242.jpg,190,101,208,116,switch
data/000242.jpg,213,104,230,118,switch
data/000818.jpg,98,298,125,345,switch
data/000818.jpg,122,296,143,337,switch
data/000818.jpg,148,296,164,346,switch
data/000959.jpg,41,186,144,230,switch
data/000959.jpg,218,126,298,197,switch
data/000415.jpg,190,190,224,223,switch
data/000261.jpg,41,256,82,308,switch
data/000261.jpg,78,252,114,302,switch
data/000261.jpg,112,248,151,304,switch
data/000261.jpg,150,244,201,296,switch
data/000261.jpg,201,239,254,295,switch
data/000299.jpg,67,150,217,281,switch
data/000925.jpg,93,338,133,394,switch
data/000737.jpg,205,267,210,317,switch
data/000737.jpg,217,272,221,321,switch
data/000737.jpg,226,278,233,320,switch
data/001007.jpg,143,238,183,305,switch
data/001007.jpg,191,239,235,308,switch
data/000196.jpg,126,218,153,252,switch
data/000196.jpg,153,219,186,251,switch
data/000083.jpg,111,121,276,247,switch
data/000478.jpg,66,151,169,254,switch
data/000941.jpg,101,202,122,244,switch
data/000941.jpg,124,203,152,248,switch
data/000978.jpg,231,349,248,371,switch
data/000008.jpg,151,75,227,151,switch
data/000754.jpg,64,203,228,339,switch
data/000798.jpg,101,110,114,118,switch
data/000360.jpg,119,291,158,338,switch
data/000294.jpg,86,153,97,172,switch
data/000294.jpg,97,152,104,171,switch
data/000294.jpg,104,152,115,170,switch
data/000150.jpg,128,187,137,201,switch
data/000150.jpg,139,185,148,201,switch
data/000025.jpg,202,265,250,285,switch
data/000821.jpg,188,105,192,123,switch
data/000821.jpg,195,105,203,126,switch
data/000821.jpg,203,105,210,126,switch
data/000821.jpg,210,108,221,130,switch
data/000074.jpg,151,331,227,387,switch
data/000744.jpg,95,318,129,344,switch
data/000884.jpg,216,325,245,339,switch
data/000680.jpg,77,83,89,102,switch
data/000680.jpg,66,91,87,112,switch
data/000680.jpg,59,96,72,119,switch
data/000680.jpg,77,125,105,148,switch
data/000385.jpg,109,227,173,291,switch
data/000141.jpg,102,125,179,182,switch
data/000114.jpg,204,132,223,157,switch
data/000114.jpg,223,135,247,160,switch
data/000209.jpg,97,142,182,214,switch
data/000917.jpg,128,289,229,356,switch
data/000777.jpg,147,210,205,308,switch
data/000699.jpg,140,188,213,253,switch
data/000886.jpg,60,131,145,204,switch
data/000592.jpg,141,108,163,121,switch
data/000722.jpg,98,251,142,286,switch
data/000118.jpg,100,107,261,240,switch
data/000582.jpg,157,330,230,375,switch
data/000191.jpg,142,68,172,104,switch
data/000686.jpg,172,279,197,302,switch
data/000686.jpg,208,281,230,309,switch
data/000686.jpg,166,317,204,348,switch
data/000686.jpg,207,317,236,356,switch
data/000692.jpg,58,162,140,214,switch
data/000099.jpg,98,140,116,183,switch
data/000099.jpg,116,141,134,179,switch
data/000099.jpg,134,138,149,178,switch
data/000099.jpg,155,137,171,172,switch
data/000099.jpg,170,138,184,171,switch
data/000099.jpg,184,137,198,169,switch
data/000099.jpg,202,135,214,167,switch
data/000099.jpg,213,135,225,165,switch
data/000099.jpg,224,133,236,165,switch
data/000099.jpg,241,132,256,161,switch
data/000099.jpg,255,131,268,160,switch
data/000235.jpg,54,229,252,376,switch
data/000324.jpg,89,110,108,129,switch
data/000324.jpg,116,109,138,129,switch
data/000989.jpg,152,245,182,328,switch
data/000124.jpg,121,158,153,175,switch
data/000053.jpg,270,183,306,217,switch
data/000847.jpg,271,376,296,404,switch
data/000853.jpg,77,325,96,369,switch
data/000853.jpg,103,326,115,365,switch
data/000309.jpg,134,277,147,300,switch
data/000814.jpg,68,148,143,211,switch
data/000407.jpg,89,111,263,237,switch
data/000215.jpg,104,145,140,185,switch
data/000215.jpg,139,143,169,180,switch
data/000972.jpg,65,320,128,369,switch
data/000666.jpg,174,110,193,123,switch
data/000586.jpg,41,331,63,363,switch
data/000134.jpg,137,149,167,190,switch
data/000134.jpg,167,151,194,185,switch
data/000588.jpg,128,83,138,101,switch
data/000588.jpg,140,79,151,103,switch
data/000183.jpg,118,165,180,213,switch
data/000843.jpg,88,225,196,313,switch
data/000011.jpg,164,115,198,137,switch
data/000658.jpg,158,329,185,345,switch
data/000609.jpg,170,271,194,287,switch
data/000357.jpg,117,139,192,192,switch
data/000616.jpg,165,297,180,321,switch
data/000616.jpg,189,300,205,327,switch
data/000065.jpg,65,175,248,306,switch
data/000604.jpg,118,377,166,429,switch
data/000789.jpg,180,108,216,140,switch
data/000711.jpg,99,196,122,236,switch
data/000711.jpg,128,194,152,238,switch
data/000568.jpg,266,238,292,263,switch
data/000033.jpg,184,144,212,167,switch
data/000540.jpg,145,93,208,149,switch
data/000803.jpg,108,163,169,202,switch
data/000940.jpg,159,131,246,265,switch
data/000332.jpg,178,203,191,224,switch
data/000332.jpg,191,202,202,223,switch
data/000332.jpg,202,201,213,222,switch
data/000332.jpg,218,196,236,219,switch
data/000332.jpg,236,194,250,217,switch
data/000069.jpg,112,343,144,430,switch
data/000069.jpg,175,333,226,379,switch
data/000069.jpg,227,338,282,383,switch
data/000069.jpg,182,396,226,439,switch
data/000069.jpg,228,397,283,445,switch
data/000726.jpg,58,330,85,343,switch
data/000726.jpg,53,352,105,362,switch
data/000583.jpg,158,79,162,89,switch
data/000583.jpg,164,79,167,89,switch
data/000583.jpg,169,79,172,88,switch
data/000583.jpg,176,80,178,89,switch
data/000583.jpg,181,80,183,91,switch
data/000583.jpg,186,81,188,89,switch
data/000256.jpg,80,117,97,137,switch
data/000256.jpg,96,117,115,138,switch
data/000782.jpg,107,217,134,247,switch
data/000782.jpg,136,215,168,244,switch
data/000105.jpg,10,136,65,194,switch
data/000105.jpg,61,133,102,185,switch
data/000105.jpg,100,129,133,180,switch
data/000139.jpg,151,243,191,278,switch
data/000139.jpg,198,246,215,274,switch
data/000139.jpg,213,245,233,274,switch
data/000881.jpg,180,126,199,148,switch
data/000771.jpg,150,211,207,262,switch
data/000779.jpg,189,144,212,157,switch
data/000779.jpg,201,133,220,145,switch
data/000153.jpg,140,200,154,225,switch
data/000153.jpg,155,200,170,224,switch
data/000153.jpg,175,201,184,226,switch
data/000153.jpg,185,202,194,228,switch
data/000153.jpg,195,204,204,226,switch
data/000192.jpg,186,129,239,241,switch
data/000282.jpg,177,117,208,144,switch
data/000002.jpg,116,243,227,356,switch
data/000733.jpg,160,242,219,292,switch
data/000040.jpg,174,130,205,151,switch
data/000237.jpg,76,239,115,296,switch
data/000237.jpg,111,239,152,298,switch
data/000746.jpg,98,201,231,319,switch
data/000231.jpg,173,92,227,133,switch
data/000022.jpg,198,209,206,231,switch
data/000022.jpg,206,209,212,229,switch
data/000022.jpg,213,209,218,230,switch
data/000022.jpg,218,209,224,229,switch
data/000022.jpg,224,209,230,229,switch
data/000022.jpg,230,209,235,228,switch
data/000855.jpg,170,248,213,292,switch
data/000140.jpg,115,187,198,249,switch
data/000723.jpg,159,235,186,259,switch
data/000824.jpg,151,210,212,262,switch
data/000900.jpg,77,221,143,327,switch
data/000900.jpg,143,216,195,319,switch
data/000786.jpg,277,76,287,90,switch
data/000851.jpg,184,79,232,117,switch
data/000028.jpg,73,340,162,408,switch
data/000936.jpg,143,208,181,277,switch
data/000936.jpg,184,203,223,275,switch
data/000035.jpg,74,210,104,257,switch
data/000035.jpg,103,210,133,256,switch
data/000035.jpg,148,209,169,258,switch
data/000035.jpg,168,212,187,256,switch
data/000035.jpg,185,211,205,256,switch
data/000254.jpg,81,261,113,348,switch
data/000254.jpg,108,259,142,345,switch
data/000254.jpg,139,261,165,347,switch
data/000254.jpg,176,271,213,332,switch
data/000254.jpg,210,271,243,333,switch
data/000388.jpg,219,189,260,243,switch
data/000388.jpg,260,191,313,250,switch
data/000671.jpg,190,194,233,228,switch
data/000575.jpg,62,249,207,352,switch
data/000487.jpg,94,162,106,174,switch
data/000487.jpg,108,164,122,178,switch
data/000556.jpg,91,242,121,264,switch
data/000607.jpg,198,204,212,220,switch
data/000607.jpg,216,202,232,220,switch
data/000607.jpg,198,232,210,250,switch
data/000607.jpg,218,234,238,249,switch
data/000366.jpg,158,209,170,238,switch
data/000366.jpg,169,209,184,242,switch
data/000087.jpg,195,75,220,157,switch
data/000087.jpg,221,76,244,159,switch
data/000087.jpg,249,78,276,162,switch
data/000087.jpg,278,77,305,161,switch
data/000533.jpg,192,212,225,239,switch
data/000533.jpg,230,214,262,235,switch
data/000361.jpg,155,266,182,297,switch
data/000361.jpg,184,266,211,297,switch
data/000148.jpg,81,114,90,142,switch
data/000148.jpg,90,114,100,143,switch
data/000148.jpg,99,115,111,144,switch
data/000009.jpg,86,214,115,268,switch
data/000578.jpg,133,120,173,214,switch
data/000869.jpg,133,276,147,297,switch
data/000869.jpg,154,271,162,301,switch
data/000869.jpg,170,272,174,302,switch
data/000021.jpg,38,268,81,341,switch
data/000021.jpg,74,263,116,335,switch
data/000021.jpg,127,266,163,326,switch
data/000021.jpg,153,260,189,323,switch
data/000021.jpg,191,252,246,313,switch
data/000646.jpg,99,128,121,143,switch
data/000397.jpg,237,267,258,288,switch
data/000265.jpg,144,225,151,252,switch
data/000265.jpg,151,225,158,252,switch
data/000265.jpg,158,225,167,252,switch
data/000265.jpg,167,225,177,252,switch
data/000178.jpg,227,329,253,382,switch
data/000023.jpg,71,319,229,421,switch
data/000345.jpg,203,245,233,273,switch
data/000345.jpg,236,248,267,275,switch
data/000707.jpg,152,304,196,327,switch
data/000707.jpg,155,327,205,340,switch
data/000707.jpg,159,349,201,366,switch
data/000422.jpg,94,269,101,286,switch
data/000422.jpg,101,269,111,286,switch
data/000422.jpg,116,271,126,289,switch
data/000422.jpg,127,272,136,288,switch
data/000422.jpg,137,272,159,288,switch
data/000227.jpg,143,200,191,237,switch
data/000337.jpg,178,293,207,314,switch
data/000337.jpg,178,315,210,332,switch
data/000337.jpg,221,292,248,301,switch
data/000337.jpg,221,303,248,311,switch
data/000337.jpg,221,312,248,319,switch
data/000337.jpg,217,319,251,329,switch
data/000543.jpg,131,37,141,59,switch
data/000657.jpg,88,151,169,211,switch
data/000384.jpg,152,249,170,274,switch
data/000841.jpg,73,87,113,137,switch
data/000841.jpg,156,85,217,142,switch
data/000964.jpg,131,74,185,124,switch
data/000603.jpg,201,231,203,256,switch
data/000603.jpg,206,233,213,256,switch
data/000603.jpg,217,234,221,259,switch
data/000603.jpg,225,234,230,257,switch
data/000719.jpg,269,100,302,123,switch
data/001006.jpg,122,271,144,294,switch
data/000510.jpg,65,148,104,178,switch
data/000767.jpg,251,382,292,412,switch
data/000767.jpg,263,411,294,445,switch
data/000371.jpg,178,122,236,230,switch
data/000224.jpg,119,251,144,286,switch
data/000224.jpg,148,251,161,284,switch
data/000224.jpg,160,251,172,282,switch
data/000691.jpg,275,114,293,151,switch
data/000691.jpg,296,114,316,155,switch
data/000435.jpg,83,101,109,133,switch
data/000435.jpg,109,101,133,135,switch
data/000077.jpg,284,112,309,193,switch
data/000077.jpg,265,113,284,187,switch
data/000077.jpg,245,111,265,179,switch
data/000077.jpg,233,112,248,177,switch
data/000077.jpg,207,111,223,167,switch
data/000077.jpg,192,111,209,164,switch
data/000077.jpg,182,112,194,161,switch
data/000379.jpg,180,241,232,306,switch
data/000408.jpg,51,207,115,343,switch
data/000512.jpg,48,181,120,228,switch
data/000809.jpg,152,184,214,251,switch
data/000912.jpg,118,314,141,332,switch
data/000912.jpg,123,333,142,345,switch
data/000912.jpg,162,312,188,327,switch
data/000912.jpg,163,330,187,339,switch
data/000912.jpg,160,340,193,352,switch
data/000762.jpg,147,82,222,139,switch
data/000264.jpg,12,268,140,384,switch
data/000264.jpg,164,263,226,387,switch
data/000264.jpg,227,263,291,390,switch
data/000045.jpg,193,200,230,222,switch
data/000992.jpg,71,242,118,308,switch
data/000611.jpg,178,306,192,334,switch
data/000611.jpg,195,308,207,338,switch
data/000611.jpg,216,307,222,338,switch
data/000611.jpg,235,306,267,338,switch
data/000820.jpg,169,104,187,117,switch
data/001002.jpg,129,177,265,303,switch
data/000513.jpg,145,278,193,326,switch
data/000560.jpg,47,145,91,174,switch
data/000143.jpg,152,40,263,161,switch
data/000908.jpg,135,263,152,289,switch
data/000908.jpg,220,268,238,294,switch
data/000300.jpg,121,243,231,313,switch
data/000517.jpg,96,86,201,162,switch
data/000517.jpg,105,205,205,255,switch
data/000193.jpg,179,111,228,232,switch
data/000401.jpg,146,110,174,131,switch
data/000401.jpg,198,109,225,130,switch
data/000489.jpg,83,27,106,50,switch
data/000918.jpg,143,23,259,144,switch
data/000913.jpg,36,56,94,150,switch
data/000913.jpg,97,57,141,149,switch
data/000629.jpg,131,118,146,147,switch
data/000629.jpg,154,111,168,145,switch
data/000629.jpg,173,107,188,142,switch
data/000629.jpg,132,170,200,203,switch
data/000647.jpg,230,114,246,139,switch
data/000387.jpg,44,177,146,260,switch
data/000207.jpg,79,217,139,406,switch
data/000694.jpg,261,132,279,152,switch
data/000319.jpg,54,95,77,144,switch
data/000319.jpg,78,96,99,145,switch
data/000319.jpg,100,95,121,145,switch
data/000095.jpg,130,136,220,194,switch
data/000590.jpg,236,65,266,84,switch
data/000473.jpg,92,156,166,230,switch
data/000987.jpg,146,219,191,255,switch
data/000496.jpg,144,92,204,152,switch
data/000496.jpg,54,176,109,231,switch
data/000550.jpg,210,328,227,367,switch
data/000775.jpg,40,123,117,203,switch
data/000573.jpg,61,129,181,171,switch
data/000573.jpg,57,178,179,221,switch
data/000573.jpg,58,227,191,282,switch
data/000634.jpg,70,97,280,272,switch
data/000293.jpg,84,47,155,85,switch
data/000593.jpg,118,152,203,224,switch
data/000991.jpg,107,229,125,243,switch
data/000507.jpg,109,350,142,360,switch
data/000507.jpg,109,365,150,376,switch
data/000507.jpg,110,381,149,392,switch
data/000176.jpg,212,316,230,325,switch
data/000176.jpg,211,325,230,332,switch
data/000176.jpg,209,333,230,339,switch
data/000413.jpg,119,144,168,183,switch
data/000486.jpg,119,176,163,220,switch
data/000230.jpg,29,135,89,211,switch
data/000230.jpg,85,132,126,197,switch
data/000661.jpg,161,186,186,211,switch
data/000117.jpg,121,87,143,133,switch
data/000117.jpg,143,87,164,133,switch
data/000117.jpg,163,87,183,133,switch
data/000212.jpg,212,401,251,437,switch
data/000498.jpg,158,254,182,278,switch
data/000123.jpg,69,208,144,286,switch
data/000123.jpg,75,289,150,358,switch
data/000760.jpg,125,177,152,233,switch
data/000760.jpg,154,175,175,240,switch
data/000760.jpg,187,183,209,258,switch
data/000800.jpg,203,294,216,330,switch
data/000800.jpg,220,298,238,336,switch
data/000953.jpg,54,172,80,198,switch
data/000953.jpg,85,171,112,194,switch
data/000953.jpg,52,217,73,240,switch
data/000953.jpg,74,214,95,236,switch
data/000953.jpg,93,208,114,232,switch
data/000020.jpg,268,116,278,133,switch
data/000020.jpg,279,115,287,133,switch
data/000020.jpg,287,116,296,135,switch
data/000020.jpg,267,143,297,165,switch
data/000275.jpg,155,265,216,370,switch
data/000955.jpg,104,267,128,284,switch
data/000599.jpg,40,90,131,230,switch
data/000599.jpg,135,93,229,234,switch
data/000362.jpg,121,156,145,199,switch
data/000362.jpg,145,155,172,199,switch
data/000778.jpg,153,207,241,278,switch
data/000780.jpg,84,221,113,245,switch
data/000780.jpg,123,226,152,250,switch
data/000780.jpg,86,266,117,294,switch
data/000780.jpg,124,268,152,294,switch
data/000159.jpg,236,152,255,172,switch
data/000159.jpg,253,147,279,171,switch
data/000015.jpg,147,125,168,148,switch
data/000015.jpg,167,124,191,148,switch
data/000072.jpg,120,170,131,188,switch
data/000072.jpg,129,170,142,186,switch
data/000016.jpg,155,195,176,239,switch
data/000016.jpg,172,195,195,236,switch
data/000016.jpg,191,191,210,236,switch
data/000249.jpg,172,140,202,169,switch
data/000753.jpg,186,197,226,233,switch
data/000774.jpg,157,233,165,279,switch
data/000774.jpg,173,237,186,287,switch
data/000774.jpg,194,236,208,294,switch
data/000039.jpg,165,260,186,367,switch
data/000039.jpg,187,252,208,348,switch
data/000039.jpg,199,247,222,331,switch
data/000039.jpg,224,233,243,313,switch
data/000168.jpg,125,335,195,418,switch
data/000551.jpg,175,329,196,362,switch
data/000551.jpg,202,326,229,362,switch
data/000211.jpg,171,231,200,273,switch
data/000211.jpg,199,231,229,273,switch
data/000544.jpg,29,238,45,272,switch
data/000544.jpg,48,240,67,275,switch
data/000476.jpg,185,231,213,270,switch
data/000144.jpg,112,230,164,272,switch
data/000144.jpg,177,233,202,275,switch
data/000144.jpg,202,233,225,272,switch
data/000316.jpg,29,56,55,109,switch
data/000316.jpg,48,56,72,106,switch
data/000316.jpg,67,55,89,103,switch
data/000316.jpg,84,54,105,102,switch
data/000218.jpg,164,103,211,155,switch
data/000195.jpg,103,106,117,124,switch
data/000195.jpg,118,106,131,123,switch
data/000738.jpg,101,126,126,152,switch
data/000202.jpg,33,99,99,207,switch
data/000202.jpg,100,111,155,211,switch
data/000624.jpg,122,262,150,292,switch
data/000334.jpg,213,143,226,167,switch
data/000334.jpg,225,146,239,166,switch
data/000581.jpg,134,299,167,339,switch
data/000734.jpg,79,139,86,154,switch
data/000734.jpg,90,140,96,155,switch
data/000734.jpg,101,143,108,157,switch
data/000734.jpg,110,140,115,159,switch
data/000734.jpg,117,140,124,159,switch
data/000879.jpg,48,189,159,253,switch
data/000879.jpg,169,182,263,246,switch
data/000967.jpg,59,127,123,187,switch
data/000649.jpg,131,191,208,239,switch
data/000398.jpg,89,322,200,407,switch
data/000633.jpg,87,130,153,244,switch
data/000633.jpg,159,130,215,240,switch
data/000122.jpg,52,16,92,55,switch
data/000781.jpg,98,131,189,205,switch
data/000931.jpg,165,280,204,318,switch
data/000031.jpg,159,207,185,283,switch
data/000031.jpg,184,207,205,274,switch
data/000031.jpg,203,202,225,271,switch
data/000902.jpg,143,312,188,335,switch
data/000717.jpg,218,334,240,356,switch
data/000623.jpg,127,325,148,362,switch
data/000623.jpg,162,325,178,368,switch
data/000794.jpg,88,176,114,227,switch
data/000794.jpg,120,181,147,227,switch
data/000078.jpg,152,139,204,183,switch
data/000829.jpg,27,91,117,157,switch
data/000829.jpg,27,208,123,291,switch
data/000829.jpg,181,265,250,292,switch
data/000829.jpg,220,238,290,267,switch
data/000164.jpg,135,225,171,312,switch
data/000868.jpg,52,100,97,185,switch
data/000868.jpg,100,100,136,183,switch
data/000868.jpg,57,195,140,264,switch
data/000915.jpg,184,251,252,306,switch
data/000806.jpg,132,61,156,97,switch
data/000290.jpg,120,108,138,161,switch
data/000290.jpg,138,108,157,162,switch
data/000290.jpg,157,107,175,162,switch
data/000290.jpg,187,107,204,161,switch
data/000290.jpg,204,108,223,161,switch
data/000290.jpg,225,106,243,162,switch
data/000012.jpg,71,220,183,367,switch
data/000298.jpg,114,163,205,261,switch
data/000358.jpg,86,202,277,359,switch
data/000271.jpg,99,184,205,268,switch
data/000527.jpg,119,259,160,301,switch
data/000402.jpg,57,146,268,281,switch
data/000687.jpg,190,166,219,196,switch
data/000986.jpg,173,211,184,229,switch
data/000986.jpg,185,213,198,233,switch
data/000013.jpg,112,45,125,72,switch
data/000013.jpg,126,47,136,72,switch
data/000013.jpg,138,46,149,74,switch
data/000013.jpg,154,47,173,74,switch
data/000013.jpg,172,46,190,75,switch
data/000013.jpg,194,46,214,73,switch
data/000013.jpg,213,47,229,75,switch
data/000018.jpg,136,204,272,300,switch
data/000747.jpg,202,135,218,151,switch
data/000182.jpg,53,152,198,258,switch
data/000946.jpg,95,140,110,168,switch
data/000946.jpg,112,137,121,163,switch
data/000946.jpg,122,130,132,157,switch
data/000210.jpg,119,245,159,355,switch
data/000210.jpg,161,245,198,354,switch
data/000210.jpg,202,243,237,353,switch
data/000631.jpg,153,245,220,295,switch
data/000502.jpg,204,140,233,169,switch
data/000502.jpg,214,109,237,132,switch
data/000029.jpg,141,53,230,110,switch
data/000897.jpg,97,135,246,212,switch
data/000961.jpg,215,165,247,183,switch
data/000665.jpg,122,146,167,193,switch
data/000618.jpg,260,267,292,289,switch
data/000536.jpg,130,375,142,412,switch
data/000279.jpg,95,234,132,315,switch
data/000279.jpg,132,239,177,331,switch
data/000656.jpg,47,184,68,221,switch
data/000656.jpg,71,188,93,221,switch
data/000670.jpg,54,143,277,356,switch
data/000070.jpg,83,269,266,399,switch
data/000121.jpg,69,185,111,371,switch
data/000121.jpg,103,179,139,344,switch
data/000121.jpg,126,179,156,329,switch
data/000121.jpg,207,172,224,271,switch
data/000121.jpg,191,173,206,286,switch
data/000121.jpg,174,174,195,292,switch
data/000121.jpg,147,176,174,316,switch
data/000147.jpg,140,207,193,264,switch
data/000147.jpg,192,207,243,266,switch
data/000352.jpg,146,156,173,183,switch
data/000352.jpg,173,154,199,179,switch
data/000252.jpg,135,164,190,214,switch
data/000508.jpg,255,319,290,338,switch
data/000720.jpg,8,217,26,275,switch
data/000720.jpg,31,219,55,277,switch
data/000720.jpg,56,219,79,274,switch
data/000246.jpg,69,322,179,404,switch
data/000808.jpg,69,113,152,203,switch
data/000221.jpg,105,279,141,331,switch
data/000728.jpg,177,147,222,182,switch
data/000628.jpg,180,161,206,223,switch
data/000944.jpg,80,179,117,274,switch
data/000944.jpg,120,179,148,274,switch
data/000944.jpg,155,183,188,274,switch
data/000944.jpg,2,217,31,253,switch
data/000748.jpg,131,222,176,269,switch
data/000639.jpg,167,345,199,372,switch
data/000846.jpg,139,316,180,342,switch
data/000937.jpg,189,201,242,268,switch
data/000770.jpg,96,275,159,349,switch
data/000706.jpg,120,56,141,71,switch
data/000589.jpg,122,171,166,264,switch
data/000589.jpg,175,177,228,261,switch
data/000662.jpg,193,127,215,152,switch
